Temperature (Â°C),Humidity (%),Energy Usage (kWh),Peak Hours (hours),Cost of Energy ($),Weather Index,Appliance Load (%),Solar Output (kWh),Wind Output (kWh),Seasonality Index
0.5378166019967985,3.044738156017705,-0.8694327480368637,-0.3938733847789077,1.3877869473132731,2.544671969427023,2.8909335491743664,0.3985640658920072,1.667012705357071,-2.7468096729477662
1.1797322877268823,-1.021757853680244,-0.0178665814010854,-1.3618803996954227,-1.2222438202008452,0.293489528762358,-1.801664550820804,1.198276036644636,-1.3147734507194535,2.115745541934161
0.120802147133868,0.0551836498294436,0.0929302341139873,-2.9477301112133985,0.1123376057472042,0.3586159838738298,-2.19223011625726,-0.4286747968813056,0.3373630663468662,2.422528990912541
-2.294066707214048,-2.156769635175912,0.758800933975769,0.3921495154363859,3.645581432948805,0.5103278047561174,3.0413839843808006,1.5749486993076387,0.4946246395742862,1.4791774836314702
1.0888629111763677,1.83506392708774,-0.4700714995887003,-0.567721101172498,1.1086750659347713,0.2524717941020373,1.143459603862799,0.3514066688422829,1.1116221515087088,-0.2687245187580377
0.6370162087766952,1.0982192714487546,-0.38187934439569,-0.96997450927758,0.7903744476996806,0.8050664572117224,0.6538885316476762,1.2169688626813209,-0.8395392371006698,0.1165148403590677
-0.9121364777805692,-0.4553547670457054,-0.363893789508923,-1.380098340383172,0.2156616909465244,1.316790445479288,-0.5070327593378738,1.470432303012538,0.7022764275515784,0.5738058757932535
-1.949243397530783,1.0773249133428218,0.9757125379826656,3.0937617305818184,-1.819094582992716,3.336127303437656,2.5973564209925817,-0.0052755971090457,2.2041861678862227,-6.8783254424156
1.494891389654855,-0.7137201727101127,0.5190695393722207,-2.1850114546407697,-1.475551802704561,-0.2547779187946626,-2.962050201167851,1.7089640520298932,2.986329375576428,2.8767545027110915
1.1543069341704102,0.2002594631182677,-1.0872403387446656,-0.5733566453161958,-0.6085145844753888,0.5262764408614753,-0.336154612610467,0.6906305697567595,-0.7863040531383287,0.4586504372874893
1.4365417283964306,-1.1240329891396064,0.8222321820393413,-0.6991048420394239,-1.556245528719102,0.4488601649737067,-1.356011505319605,2.0905299019716126,-1.5836079344201974,1.5778551777333654
0.6813526038063027,-0.6886250159244982,0.8684443105959316,0.4697751343814593,2.161606262980002,-0.7000193711041713,2.074685137180628,-0.0480974230426579,-0.5582648758056487,1.7011037120241073
0.2033595172887072,-1.0926519771006655,-0.5147916994996568,-0.2177513845357735,3.223539189002278,-2.1456847168948565,1.3486847748941035,0.7212781292490482,1.9731048680819048,3.462170187451836
0.1645151064200178,-0.3838353847391329,0.5721257176083903,-0.5049997563575898,0.36080208671417,-0.9279364670544604,-0.6698593119920501,2.042257840510792,0.2759844929124723,1.4274782166505735
-0.3145474983769116,-1.430374976499643,-0.2746448485618379,-0.0360328477399767,2.317766007563935,-0.093935810809778,1.7821680431450984,-1.0337358005622264,1.714164357415557,2.0416015860334937
0.3253902496519548,-1.1413588426508283,-0.1239929737075688,-0.0498308379868851,2.6975077363669016,-1.9635581650296,1.1705834661193093,0.5661869364210564,1.3060614618427262,3.145994262331847
-0.3648902525322521,0.343459525438584,0.0942792936142793,3.490791161610946,-2.1774177872904703,0.658088750971078,1.39668997748412,1.2123681179019037,1.013445759883764,-4.613737319284391
3.322383246274916,1.368530633925281,-1.681880355022538,-0.6844199242770417,-0.3647711499390479,3.2044841918848213,2.228521868492721,0.6170630447352031,-1.179541058580728,-0.4816567841911232
0.393754088331141,0.5616615320742417,-0.0035057267586741,0.0419227832625148,1.159451228454172,2.04773846932675,2.5199037571216327,-0.2793532754133253,-0.4989511237259181,-0.844158395637401
-2.0794092269679294,-2.4724068695488945,-0.0850443390380233,-0.3710983589429255,3.0211315338032816,0.2047944542623269,1.671759082176708,1.0705794675782778,-1.5060888450601757,2.439099005887402
-2.24414620291373,-2.0197332913410517,0.1844165694269777,-2.030623502894124,0.7081978411045013,1.0129737449931338,-1.3589505579694063,-1.8739700756824451,-1.5886881303775895,2.13840348729828
0.7762583243600272,-0.0765946610086335,0.4931698342388367,-1.7594719131037748,0.4390264049375203,4.4145645377220175,1.8560771575350143,1.1497153292266302,0.0731986281627831,0.1082956661980608
-3.547053984195768,-2.7047524516053274,1.6923297206772177,-0.9069581822770776,1.4808892609988509,-2.3445458534087265,-2.245303355068879,1.1876411393589066,-1.820398048071836,2.9335535687554466
1.9241886776586,2.8212828023060714,0.8042562729474444,1.2472046784576958,1.8190791385503176,1.639731646958878,4.559819094519608,0.6426567318548759,-1.2947051806855492,-2.6387667690217715
-1.3807873573536953,1.073504406365598,0.0513854106243214,-3.526772419322314,0.0967347766707744,3.069899418338601,-1.4166499928577423,0.6787426017187439,-1.2745191073073694,-0.0491916082319181
0.4542764954674991,0.3577855133213075,-1.0081299567768498,-1.2212528385050294,-1.8306719172014276,-0.0907198299189029,-2.5890324860261877,-0.2196020942255738,-0.1969257225752349,0.3334982679825759
1.1664791896486242,0.2751292342963516,-1.0221362438736228,0.7647374681982144,2.96549324028849,-0.2270414681135713,3.573648565200652,-0.9196269384375572,0.5945261269679613,0.9289164440289488
0.0480216364903044,1.8142480444736615,0.9738462572598192,-1.4631491534127257,0.0682488766757406,1.4436085434223624,-0.1560893686273917,-0.3467095328760017,-1.5004677127830175,-0.9753923945586804
-1.2931829485131567,-0.5435337469784831,0.4378237662435724,-0.3596571932547827,1.055165047997283,0.3294900864736602,0.3901834231559818,2.085410622092149,0.8704491697413075,0.3432429964979527
1.938932459620828,1.8523727338448264,-0.3635620445525684,-1.7800399598981749,1.9421116285231783,-0.7286459571975463,0.497850616514175,-1.08487877627634,-1.6934990908350729,1.975314225294893
-1.9168382517489828,-2.2820072603161137,0.2306579252083569,-1.890521569144597,1.0685262298505822,0.9009512465605138,-0.9002910803204272,-0.4094225730308178,-3.3475505964875936,2.6117385477633337
0.3762292965560956,3.3308818927708232,1.7707056507337993,-1.041197169040296,1.845518203514843,3.969610096660308,3.598274828602517,0.6726257608719525,0.6660345733898599,-3.0220406730843368
0.8146465360963356,1.8709151900802008,0.2265053521152885,-0.4263392169523545,0.1478882439166341,0.4866058684421169,0.4657624632305598,0.4600543414464442,-1.995080466414733,-1.0343189616379895
-1.9056285772886128,0.8311490860052946,-0.0966295361966723,5.442018671350471,-2.499170318419065,1.6039035515789406,2.9413269095532857,-0.7152209517993878,0.6541280021710922,-8.102613787399028
-3.804873682746564,-2.755668871310504,0.4857158413539969,-2.1242118087153656,0.2028932371317696,-1.9777969005560103,-4.305932316776332,1.729289675723977,0.98404145290448,3.241205900120863
0.8120505936153697,1.0948767374771964,0.3055643843570512,-0.9802753384105776,0.9989321603780316,2.760481707189609,2.105273155704673,-1.573914211994401,-0.8577388807870001,-0.6079307072083048
0.7506088902453129,-0.0892850682566283,0.7634381813894765,-0.8630772184993547,-1.4067251655607214,0.2731339577695926,-1.6114039572771977,-0.7928636050723185,1.2736650541304375,0.5702810512785703
1.4506403661975409,0.6200382869459058,0.1678132446757893,-0.247510294556122,1.281030081121705,1.402225756273732,2.3139941181120327,-0.7963266453295174,-0.2693521047267578,0.2602348398297069
-0.7441205997568558,-0.1660458019611294,0.0552560982866764,-1.6238589409466653,1.0077536457255192,-1.30471297034169,-1.5655507201377996,-0.4841471308872103,1.927812997438572,2.126330323676083
2.800760380397752,0.9773556179992952,-1.0324789678948725,-0.0025166019710451,-0.467626532597179,1.3448479339412271,1.3751066577947506,1.4822994861529115,0.0829205593095799,-0.1729342687705986
1.787966554927602,-0.4839173817816422,-1.1838426410516691,-0.4064743969667845,0.7339178836068245,-0.311689665229016,0.6396661976584369,-0.9364460516490096,-0.0325502230877141,2.149659237953617
1.668638556520751,-1.465811885435257,-0.3727422440286893,-0.4307966759229411,-0.5845751004393276,0.2818107324385559,-0.3077483868171693,-0.1236931895117828,-2.2775626068490844,2.214114878792456
0.8347839991945297,0.6623357520066988,-0.319490070572669,-2.061472995276368,1.451319677457698,0.944282665413766,0.4156120873779816,0.581873956823205,1.3333873002204246,1.7283857540113383
-3.580033466379036,-2.0856703090644797,1.3420227509932474,-0.7238633697175288,1.2071620288054756,-2.372188143158251,-2.312494741189803,0.8752900534165288,0.6117870490026632,2.119134589275788
-0.0784247712901035,0.2438474535991333,-0.487357365983966,-0.1644713583984445,0.7272961308547299,0.3637773267563851,0.7304607383605863,-0.4952960708810691,0.2045160028112259,-0.0154329962836714
-0.1830178902880214,-1.185023907974246,0.4109902028775005,-2.570552037005216,-0.7330919994535277,1.2741963354181856,-2.243844644611074,-0.6941767358853519,-0.7152485188175908,2.3002204929921373
2.118377914507726,1.0965211265852872,0.5027972945255772,-1.6561292100667004,-3.8892841897956414,0.2596428999139675,-4.014040971824616,-0.5227749482165637,0.319554101219877,0.0078272314474558
0.2635965134903997,-1.5182429678099356,-0.7790524043066904,-2.0828093153057514,2.113936881045708,-1.430506227476675,-0.8341780945311421,0.061162567850915,0.2250578852579391,4.729876648626375
-0.5354436227525172,-0.7286827425555873,0.8791383240395397,-1.3297943264030665,1.1422361493403246,3.298817690938117,1.7011361525029307,-1.2580199112663373,-0.2238030510509631,0.399711247157119
-1.721630524027204,-2.228962281526003,-2.325631677841348,0.5070753608393475,3.469629080327986,-1.8726953444471237,1.6740830024953273,-0.4665549688269199,-0.3797942420919558,2.7896169048171617
-1.236527693356139,-0.9762973990360796,-0.7846753875705005,-0.9203504671316024,1.2722741352657512,1.3387935341957482,0.7119675587384382,-0.0455018553802865,-1.9839966831469544,0.8524336106443333
0.1158990697254189,1.0699576822680794,0.8781824149703045,-2.684483931282416,1.6746057498766755,3.534071789888155,1.4924593239499542,-0.6744143144101269,0.5867973779847261,0.3997331278211323
0.8163985262331348,1.932263331627071,0.0225129743977275,-1.2732468039058142,1.5139588515899944,-1.457606940436217,-0.2491315645659648,-1.5120063120615763,0.8269434604651958,1.049826018948743
-1.0323874619702302,-0.7087022382043107,-0.9777782109588512,-0.9326166874729528,1.2683553249334576,2.4164303368273887,1.453986396509294,-1.2516035924647442,-0.794062257036022,0.2323676806380847
2.289595426725405,0.6305945364205184,-1.6566925195595903,-0.1778701032783457,2.081496807374506,0.8554749228818946,3.01817218088581,-0.7348037072103585,1.5493409267710596,1.1895072732006102
-1.1128902465716108,-0.8520899436790219,-0.5014694233584738,-0.4930722300273703,1.4466733615494158,0.7972231088993801,0.9505760849753652,-0.238931821457121,-1.651918183191787,0.7569969937079059
4.062525067987249,1.0417254723542355,1.7344330917873865,-1.279973018884336,-0.5863711882407299,-0.9235678382050476,-0.8499623170142069,0.1175816806618865,0.2569574381839444,2.5473114949993727
-2.4412901347037783,-1.626300176166939,0.9952903995220314,-1.802398682828474,0.1745079045440872,-0.2038872460812784,-2.430169400225453,-0.061229375201977,-0.499635403112483,1.853368502957186
1.2398913016072282,0.4873968772740819,0.3770902204267797,-1.1518474244539,1.539798687406457,0.8367108469754713,1.332269896600836,-1.0782181701163007,-1.030142265222829,1.4013133650425598
2.29497433907014,2.311541565958944,0.1755720617154881,2.0686105157959487,-0.8714965693091541,0.2083492153980636,2.044457613879885,0.7983480513491078,0.6593081195113274,-3.030809107923913
1.577190659596714,0.4748418362847884,0.3136403674078202,-1.0714987473537885,1.581536115181055,0.0533768491237899,1.057112438857597,0.2910068624638142,-1.7644481722305585,1.9020740600719888
-0.7799261328162919,3.265436095683132,-1.6111694631742193,-2.2178252161412537,0.7416682771813654,2.9698550243099726,0.5930910118525287,0.3609860825370816,0.9681026637765426,-2.516163700448478
0.8945533164425834,2.93207015768872,-1.4566814413240818,0.0018850548839044,1.560386981133954,2.425422106417469,3.419218985795877,-2.406238151009897,-0.1707466394983074,-2.6769391849250845
0.8067004447355455,-1.0228971398653668,-0.8844928186606991,-2.3919791961116235,0.677303505707058,1.051447575439469,-0.6366320195332896,-0.3398450418443653,0.5017911677776411,3.1581522997634712
-0.852661371707673,-0.4523721420852508,0.8261098366938703,-0.7653349701153612,-1.2193123338818372,-1.5462813658549504,-3.025866128377013,0.6810395960445219,1.8840011375698575,0.8689390213473638
-0.5342129330987807,-0.303556888569844,-1.209812197057912,-0.5133639284478541,0.735707851897917,0.2971879353655539,0.2079499009107588,2.105161380972418,0.1002564870451594,0.5622490873749664
1.670759843312157,2.323274925376266,0.723348218864005,0.1000174245576513,-0.6710837538334592,0.6591277853608193,0.599985320818612,0.6870670696361196,0.9180314686799862,-1.8174682695815172
1.61609291905009,1.375206668525697,-0.4732761521782438,0.3346293587903954,1.2210817713940472,0.3197867246030544,2.201077500418271,0.4437392912698055,0.1693750512716112,-0.343346394955948
1.4581690334337103,-0.7294279652966749,-0.4667458105750462,-1.341126705785359,0.4663115279140899,-0.4771282948516515,-0.637830253586443,0.4510882125055664,-3.5388577250697595,2.972225303998396
2.2934920053968626,-0.2363553794073252,0.215220732950218,-0.7003056454431098,1.6737664630764435,-0.1200000956894389,1.5261710805881925,-1.1262382070860628,-0.4151752811637118,2.712042677655605
0.7731078711819805,-0.4936180408333641,0.8651565501202622,1.4867808230825048,-2.257702149999772,1.4274051578754057,0.3599196912432074,1.290548225767958,-1.4329490836170875,-1.9286525633735032
-0.8557197849925793,0.0841841278002037,-0.3492954682052211,2.910244982852319,-1.626275308275636,2.089245288279873,2.1041249912060365,-0.7228852010761648,-0.9059651413176992,-4.604799997241633
1.8336485784756185,0.6604944881547495,-0.9797619477439744,-0.4025430620816357,1.7549045974655415,0.2798300608191612,2.029656836529937,-0.0532425700892024,0.6837095369080293,1.258498402299968
2.569492147675607,-0.2661463024846293,-0.3791017483487472,0.3957242717868536,1.9690614834912576,0.577583712474173,3.2621128333006744,-0.3825933828873781,-0.0560555659401971,1.7304717165641297
1.022263319549782,1.7216067264747574,1.3186179262194735,0.2237412226684152,0.6997359529247097,1.4373274119342578,2.171840477523443,0.074861306250029,0.5428733481036709,-1.5849550090634392
-0.9432151509007054,-1.3599187357959073,1.7396974071200668,-2.046170393016033,0.2628332894955116,1.4928887413566478,-1.0119732089551765,2.507495237858833,0.0988594450110198,1.869613809835244
0.7134647121711727,-1.1916985577521737,0.4248981499058153,-0.1514811712166084,1.0681122369771356,-0.6835403711150558,0.53594837638757,1.439293483835469,-0.1244307841438101,2.284556468522412
-0.684950437441928,2.2152533852074106,-1.4764636416218018,-2.549498706692665,0.3177620093288716,2.523662100536388,-0.403326714450862,1.0921029610193338,-1.1246550393159365,-1.1975677260530029
0.6453109198887172,2.6417673186100776,-0.7848299034326331,0.0026701601764136,0.4534116863041111,2.174947245574784,2.169402842767192,-0.6166335598554541,-0.5747964176044837,-2.848024882797783
3.054564721346826,-0.2995937938476326,1.4984673241370412,-1.5550337272185906,0.0086147472453057,-0.2648546911493424,-0.565031059730558,-0.7857002208783427,1.5227112992961702,3.355289436607068
0.52048889494337,-1.0696520661819455,-1.7578434493993105,0.1194959637251598,2.120048527808501,-0.6330213381497672,1.695186392970493,0.087328703921649,-1.182815502304289,2.2085579939679465
0.45821971486642,0.514863862264163,-1.2503135829593135,-0.6959029402156827,-0.2158739408242445,0.5274591671033333,-0.2852770988715805,-1.111505380701124,-0.0954726442860986,0.0589117021904984
1.0223388235192823,-0.336836750045522,0.9763736729794836,-0.89314586523757,1.6589131911585595,-1.989544416779323,-0.2283756914156587,-0.9858104964754728,1.048484873704551,3.151646674551829
1.3327858144223494,0.3642173746521897,0.2967484809781581,-1.2471029124373134,-0.9955786723813492,-0.1890338946411212,-1.645139878979479,0.3425189711405081,-0.9115099686768718,1.1743807081835462
0.9033105927821672,3.895818762647871,-0.9068077260268592,0.4568668459629104,1.7003134618889535,3.289412340345096,4.5542201728442695,0.6276112125924505,-0.8903770582600778,-4.268832445175356
0.5453293856812321,-1.400315105109468,-0.5280611130257374,-0.7379146748319381,2.643938990543086,-1.3957356313187308,0.9286491491301434,-0.5607944692399751,0.4181889644289097,3.801082836084476
-1.186603016217925,-1.414597862438399,-0.121519678200238,-1.4407092621018105,1.6302828963960958,-2.034631904579413,-1.5374563105565524,-1.4214646871565255,-0.0283398453664603,3.413932277626918
0.735160329366167,0.4292744388966727,-0.9269943866745628,-2.1755129770790136,0.8248235987493124,0.3747160039730911,-0.6497545105243978,-0.7498482103826004,0.2175795363429622,2.0115761673743124
2.0531035457811804,0.2630740689129911,0.993334501607768,0.9492099031480212,-0.8427632223603396,1.8587455672698503,1.8940327864011317,-2.0711798825804664,-0.3430625433856629,-1.131473437766494
-0.644085648898915,-0.7123430908911477,-0.234765351438817,-2.7428999667754663,-1.4485839847688378,0.9291715206584896,-3.360206066562263,0.6538332230623791,0.852680375827011,1.6760578560227988
-1.2917886689731104,-1.2586075846237663,-0.1558210555738167,-1.7206661568439112,0.0483108312501777,-0.0747762319166076,-2.000903968041412,-0.2297353314978504,-1.388622014534984,1.9616653754361209
1.819677739221668,-3.592840501255724,-0.4905236525315732,-1.8278221994058683,2.319849012192126,-1.0964199989237626,0.1134976002608789,2.713619777528997,-0.6039858592158763,7.106347927071137
1.0631799704310891,-0.1346062645124235,-1.97929830303683,-0.0409086647060858,-1.433491905505332,2.802928826803206,0.749442917528314,1.182594359069889,-1.80817792253016,-1.1126169273711244
1.707963988634932,-0.0264324174412857,-0.6503156798620929,-0.7466146060131575,1.809899725008759,0.8445021834771833,2.0400184465533435,-0.9371170452387332,-0.3251627324216248,1.8564531541215068
-0.6788764260166786,-0.9141787320159016,0.5920368258199804,-2.379517816616371,-0.5883549587603518,1.4669290545415998,-1.964033604688234,1.0341099905036009,0.9834818955451908,1.5955975895417227
1.337412860537473,0.9554967668069044,0.5723852323079027,-0.0584763611303411,-0.3703181559680423,0.6586571088645707,0.5224841198891506,-1.648975837891303,0.2277670014048717,-0.5304165232646171
1.912946739508564,1.3485290878847065,-0.0944182621360476,-0.4238050840944283,-0.2847127663414444,-0.5692098852573002,-0.2709084107097147,-0.7657453187062563,-0.6572117082110901,0.3419119323908439
1.1006320513046552,-0.2006440139897727,-2.052874420349235,-2.309505092001041,-0.1761004258203309,-0.7907934493760627,-2.323085685888933,-1.5110540339128655,-0.8746398141480543,3.04968399070826
4.724045773761775,2.3273064712506377,-1.01437495598195,-2.338178260934722,0.4054376842662164,-1.1707319742215605,-0.7253023485653813,0.8784535729984396,0.551334216089744,3.149150223585841
3.2036241588585166,-4.080245984804993,0.5952277718342022,-0.7001845415077934,1.229905840997184,-0.3349778376526156,0.98840346014944,0.5675134612896133,0.5400241969892433,6.549597148601509
-2.1108528757308864,-1.1996227372607813,-0.3885160223564554,-1.9554739087984607,0.2586222630968973,1.384977330522351,-1.360879130576155,0.8638716595520065,-0.243078056079208,1.0756563613509271
-0.719167249340851,-0.1034075202292128,0.1949072052623757,1.1021756146668158,-0.746522800500725,2.473566492411683,1.5924910958633036,1.5274293868801814,-0.9308852437031944,-2.6631464421650635
1.5174518231777092,-2.0780445871486157,-1.5807000516739227,-0.2705341092927952,2.386090747783779,-0.1655870762861144,2.124647227016413,0.1264756754883747,0.6322992097833006,3.8535539733496025
0.0920187974833824,1.2273943957466198,-2.884324367178201,3.1842582393824945,-0.9973100461876464,0.7517903247683707,2.459941621427426,-0.4630639442340176,0.0168250662878106,-4.49737899993719
-0.5162033906054349,0.8787083000404354,-0.3252989243235641,-2.3424909374089107,-0.5661089437152733,0.874784602105953,-2.092708173978393,0.4861685979665005,0.6868752232028936,0.3390510296736497
-1.4548589579159563,-1.7019692234642585,-0.0902071750078357,-1.6583182979630675,2.014766592428592,4.038748003317856,2.2954001228294145,0.8635713591358122,-0.2339975705465629,1.0391126585946535
2.771815376323804,1.330176855335401,-0.5248128336822896,-1.3355242602287016,-0.3589187373144182,0.7248600500330438,-0.0529120281699538,-0.6682689998441153,-0.9242189639800154,0.970884747200374
-0.7901649152813994,0.291172965018454,3.2401391486368074,3.684519955675398,-2.05138205477735,1.0274527273617529,1.7697446038026428,-0.2169149904265378,-1.3400568903608094,-5.084620202858123
0.8573976963774403,0.5892600820793275,-0.0124132195255946,-1.5451481973703252,1.0784085241602932,0.9195320648814324,0.5152524042231472,0.6450378554489973,-0.3340881587753344,1.234636592937219
1.4442101577516249,-1.2172510324896526,1.1604018292673417,-1.5416708459631594,-0.5559238229342107,-0.286100995366685,-1.6520600513054369,0.9142595447941227,-1.1032507054703398,3.101771636526017
2.003976629652528,-1.0972717091560842,-2.263146790755144,-1.8634378031728305,2.830215068180987,-0.8985666335361742,0.9124121399818872,-0.4673860752954615,0.208382312519621,5.114018253836228
-0.9541764435407504,-1.8236148657824407,0.3466976285016636,-1.2000019206871215,1.483338049673722,0.4667805033748962,0.1400474025668438,1.0848277401561082,0.6589353548536838,2.479624234490194
-1.4232329723705186,-2.651983934354299,-0.0850731748251321,-1.9789410111487389,1.8259246911559757,2.453006047946496,0.7973279384479379,0.2312577471840836,-0.1205081967658964,2.8415231381554498
-0.8029237146220858,0.754079219971092,-0.2521534658435748,-3.922470597395144,0.4210774845309104,2.046595660094706,-1.948273401476091,0.3982209514202937,-0.2637350376313479,1.4779924829982334
1.0933579826418902,-0.1153840133441144,-0.3319944588800761,-1.494870606745098,2.477000143270169,-1.5424652454718104,0.3014056422692204,1.3213162028034042,-0.2075843451430398,3.606441442931736
0.6414939892189605,1.1930860004690689,0.1634317605871319,-1.6493465022848324,0.8719307179670532,0.90320816488746,0.2071351328711159,0.7255161387753777,-0.7273212215022773,0.6028748748102344
-1.382655362138696,0.3428863815308673,-0.5934206101779232,-1.171663559039753,-1.0484777914747188,-0.5276628742154721,-2.6975112762803226,0.0967439129390469,0.1543442326423409,-0.1805636065096662
-0.5012537807686788,-0.5167838005277248,-0.1574213337734109,1.6869856198874182,-1.2511764489396793,2.1302133910598147,1.4706138344045825,1.1263475324349776,1.6453818327071346,-2.710288932830295
1.1362995050826652,-2.5274409584956503,0.3530061805464952,-1.4885874973573865,0.2069735265607406,-0.5225364199120225,-1.265661650073054,-0.4918194904828303,0.9741233692959304,4.450900358659746
0.1159016340875991,-2.267197277644861,-0.6181114316735742,0.2596700501421747,5.943272189880148,-1.736839586536735,4.341803764475767,0.2705977161156537,-1.9206888668853224,4.872594963842044
-3.3749971276225983,-2.4123039501800694,-1.6237683520495778,-0.8461313342453775,2.276964452510016,0.1019843184632149,0.1227115555562929,-1.086975253650606,-1.7702441759754863,1.8742218074365664
-2.054131202865099,-2.455778269323932,-0.4020814751240736,-0.8654676562828811,2.647180964813347,1.0691798177114369,1.4546693079716202,-0.8305122982775414,1.4596548295855094,2.322219894579746
-0.3346055024977836,1.6800098297303503,0.1530339173743881,-1.544466032276149,-1.9166858604309525,-0.311265813391435,-3.23259109925218,-1.142595269487263,-0.8955458847173062,-0.9146618915418508
1.3681921833602275,1.6807894059331168,-0.7673808064423085,1.8103198183863456,-1.2956423421126697,-0.248126466652889,0.8143256697127129,2.3919199321195173,-0.3863044984779063,-2.687844892884113
2.046937365759156,-1.4577891280952735,0.8569962449162634,-1.6083418748459426,1.1143917296175234,-2.227083597325228,-1.247729037552953,-0.4143897919652327,0.1837993729934296,5.216110152619182
-0.806081791961375,-1.562025811603556,-0.1112929076053069,-0.4466984867524203,2.1516726894462925,0.4485894228187881,1.4492443071785337,2.979054963801388,-0.0882514627312872,1.9360576746497495
-0.8844312972296364,0.139040159979696,-1.4524983970876972,2.125802924392021,-2.961769431375548,2.147858419273107,0.2560877417333447,0.4014641418669948,-0.3877617827065225,-4.519358147751993
-1.3904172309585607,-1.5818249800910986,-0.4954921445178963,-1.8123417004778168,1.0344568045752385,2.268239737940105,0.208401342082192,1.9050230835354185,0.7968048330570654,1.5553844802073569
-3.473176268245568,-2.3076900242147365,1.5890057587728696,-2.01706469430229,0.4299478026090816,-0.4335204184364614,-2.9082046725528983,0.0195767620901719,-1.079909840860808,2.295601671473517
4.107443991437667,-3.3446498608804704,1.9938629392325948,-0.5149209507491584,2.033958451046564,-3.389262535522695,0.3099153784426513,0.1738011648773383,-0.0848590449893525,7.933944231809447
-0.0827950241102272,-0.7303110095249632,-0.0089663257637396,-0.8312269510736335,1.5419476641095584,2.637076847576192,2.223346993241048,-0.0223688618783399,-0.0810238367387997,0.6698176993867296
-1.84254759896744,-1.3591497895151492,1.0571791296144326,-2.8664667375381088,-1.5360045515215792,-0.4521220233192988,-4.834296764455469,0.328432990581549,-1.3685201427252165,2.3272115441210737
1.471447221117896,2.7024487933097943,0.4251332467137215,3.1014797676110364,-0.7927229047986997,-0.1515170165501234,2.5572413582668023,0.6164221048147337,-0.4056883798062532,-4.507999370245422
-0.9063033582822756,-0.5271617586493859,-1.5117871459689358,-1.6971655257566376,-0.585130674899969,0.160045684550276,-2.22524922120937,1.4808862906533322,-0.934154207049542,1.151678357095445
0.609908242955205,2.390926390922932,-0.0363766236595042,-0.0032546501893385,1.4156563793324066,-1.1441461558588224,0.9300748605875268,-0.8235226168569771,0.2186114865347055,-0.740850698355752
0.8401999844261983,0.873062766213292,0.3582066338703747,0.9274162652426824,-1.2040445032663345,-0.9340804046057865,-0.5255543185818621,2.0350091093347893,-0.6403187591794156,-1.1401775127786589
0.997265884774769,1.0974017952436166,0.9149333898817024,-0.781390238959356,1.2541949599855913,1.3772851668756072,1.7041023568422824,0.3365383818709799,-0.3303760633409774,0.054343035621738
1.255988278539122,-3.140961174132767,0.2187647367847708,-1.1769684145731862,-0.7115983604167342,-0.8546195041500466,-2.03547989126724,-2.06763055408835,0.1004529504521146,4.604779772276128
0.4041887858767526,3.7617848195742103,-0.5321724562434457,-0.4833502168446764,2.932285707460853,5.104680512282947,5.806741502373486,-0.5871541590312039,0.0859573880172154,-3.991564683285852
-0.344888232786611,-1.789619197550088,-1.7171891333603786,-0.928504914388626,2.5121204193530318,2.967149719601373,3.0517658497395423,-0.701750442130786,0.2543156265537102,1.7637324524774816
1.0715821512286676,-0.4876484632886921,0.9026602893824855,-1.3683170710292505,-0.5600354945765469,2.208735135395017,-0.0132418850737934,0.7357213110188878,0.0340092548610775,0.9466581614824012
1.5256662988757346,-1.1744684624448298,0.80634841107493,-1.2191476703199933,2.372240542301273,5.062147323773235,4.616764212711117,-0.430649252753826,-0.4066687190384437,1.4388312083859092
1.799913279937068,1.257996640115291,-0.776536344541371,0.3845346858801681,0.8727397418179893,0.9689823268211945,2.385270557453439,0.9701010940126534,-0.2300253079140055,-0.6148681522802601
-1.3379834355480735,2.177020582194026,0.0234693222926159,-1.1201681918148956,-1.2272963128927392,-1.6858671878410056,-3.3808464445092925,1.1161342887381218,1.3147884915190176,-1.3613112483606142
-1.1137075263160183,-1.6079143227844837,-0.0839018632682968,-1.0698087180817315,1.5761372701554328,1.0180740740728038,0.6458264534654514,-1.6524123902968042,-0.2981305792658438,1.869790474581712
1.387629945314382,1.8806466104433253,-1.343125267644541,0.694463542375136,-1.137050344353618,1.3058579806462185,0.9774423117820324,-1.9223141054539656,0.7111924534215757,-2.558687612927525
1.42235522669247,0.928699851050647,-0.786806656896385,-0.7627928962940941,1.4063668082956495,0.4489495878648294,1.399966281120175,-0.1042379794980345,-1.2191858277651948,0.902135055131512
1.9956808664854488,1.614647879986482,-2.3263615597391976,-0.9853964273734452,0.2178590205916009,-0.6428624097907165,-0.3067632421146687,-1.0165243621826023,-0.2161043711833192,0.8528972780189976
-1.4887394421722195,-1.1516905516413167,-0.1206529427397896,-1.931140907206495,0.2284004707204833,1.298581565700579,-1.220521692351236,-0.0809249532818035,0.7983864721014345,1.3723644820307757
-4.269815819578547,-1.2462718979022902,-0.4962775330896991,-1.813462652096708,-1.0393768948199045,-1.911099730615596,-5.141467477224638,0.3036042712837195,0.7145306910521688,0.8910583718464786
1.5899687165278076,-2.48252679982581,-1.1439890013233718,-0.7342980855106448,0.5922761920384081,0.0362744888089556,0.2297911776356292,0.0417509733678485,-2.8166108000172683,3.8889380615755194
0.7865599202621858,0.6341567787111223,0.9088124113499688,-1.5976004182632697,1.2543639525176866,0.4003365645272111,0.2852766098092764,-0.7231312980172583,0.2080550318240542,1.5083717938263326
1.6383686513980358,-0.1736689005056091,-0.0593674512314044,-0.3507171549249028,0.9271847912157162,0.5939411346558738,1.402082181049064,-0.3512720371106455,-1.6199421316642872,1.397983581754895
1.8442954059419696,0.4839724957632717,1.1985326271211874,-0.6607956358113176,1.4594065665315403,-0.3808672261552162,1.118578681356622,0.191631962067389,1.0580223881158126,1.8394826881326096
0.9268829445309512,-1.0537263859283574,-0.9472030111595046,-1.756655310284959,1.151122635298826,-1.7447174537440813,-1.3660431078890336,-0.8013912702625892,-0.2491392462395614,4.177413847165869
1.4932137676802957,0.2956474696753117,0.8055804745307268,-1.86585132431442,2.883285085723325,-0.33675583787427,1.2527706123563966,-0.9441275564624204,-1.760262500580009,3.3644353979899626
0.0634918837059022,0.8303807552541094,0.3528336431526199,-0.1810089316277872,0.5935492970877595,2.213877612498448,1.8380927933482296,0.4355879166918391,-0.1994437158880551,-1.3552721954850446
0.3109406907283858,-0.6928318548819552,1.0374611035089725,-0.1542216857453425,2.7537474524154977,3.8623197237442457,4.789202069161587,1.1903363406093688,-0.2230698117907077,0.1473658899598108
-0.8465289861445227,2.8567940046220768,-0.154373534723929,-1.9784532120456544,0.9939367258257712,4.022248545834543,1.6306870159790094,1.0858213192287456,-1.4104272038242296,-2.788163827639549
-0.2005610574032297,1.720353110103796,-0.7809697071601542,1.7341986356138932,-0.5107943644863044,0.9291602088022636,1.693529036010914,0.4725573993838224,1.222798635970556,-3.747369892755642
-0.5991753618737072,-0.214430011720656,-0.6013004645117327,-1.2269520952090804,0.181763753723777,1.6796897925798735,-0.0612233349314903,-0.4123466934234073,0.0348624153291655,0.2137668576513721
0.9217296119336784,-1.7216911554841738,0.8766874758750992,-1.1285885188753686,2.4685926412778896,3.387228974398419,3.505994455286452,1.6735268417175928,0.1415321321496996,2.3388303323449886
1.466723899916289,1.683482856866525,-1.0249280665857678,0.5448164164326832,0.1264020750496698,-0.118902529506913,1.1040144752673962,0.0754177426124603,0.8055938349951759,-1.0814992557288
0.5098460946351835,1.3886998692481631,0.1343281002678751,2.212152780390394,-0.4009500689919552,2.3170089604065804,3.270685732015448,-0.4267063677307888,-1.236662966685065,-4.087464961474235
1.6283073161253048,-1.00972351418883,-1.4435570341837254,-1.1877446609290443,0.6717991683675961,-1.768582684698384,-1.0923544716896052,0.3197899945560327,1.1603481809669742,3.855971732950756
1.0731551421867005,-1.333459846517263,0.5463317060017511,-1.353424020629587,2.1307279297062407,-0.8519543947775549,0.4442738392271867,-0.1954418737928843,0.6518648526930954,4.108193546648404
0.8695198242891522,-0.9561225721497592,-0.4216085853111196,-2.8439247965901395,-0.3352241819839763,-1.8965001937751276,-3.7492112131523863,0.2342440420392709,-1.3308092618619995,4.511135712233733
-2.126920043864975,-1.0885980894039156,-1.173245689947668,2.938082344303641,-2.2914760132945107,3.3771167020422634,1.8424870841877796,-1.8719709055230525,-0.3447774453588961,-5.107975664573845
0.5243507508157104,-0.4010485872099136,-0.5492281394953985,-1.8664479628837929,0.969324251581772,-0.7478408792430357,-1.0809413266108845,0.9623165788801444,0.6068298722825746,2.946752467559514
-0.9529779619668924,1.9164841997088389,-1.4360915125350566,-3.614450495631892,0.836588183575639,2.8350118929550137,-0.7755855239031652,1.9072978364265532,-0.7468482589920851,-0.1113091455240662
2.3836649138929933,1.2544270776875672,0.6417092451913268,-2.5027516469998066,1.073833732405147,-1.0648097626065198,-1.0233653844289226,-0.2816473822549307,-0.3465845816188191,3.19749325975742
1.2513307539275806,-0.0619986328377526,0.3241773085969957,0.0406814237628809,-0.4082409658903485,0.3184611257918048,0.2578326767454361,0.0599132370912613,-0.0867222491415,0.3871040221066582
1.6438402100080136,-1.964715153114668,-0.4998395974016641,-1.3239458735789928,1.489433264963779,-1.0896912690953482,-0.1216938334573765,-1.6808950827464908,2.193602615610071,4.819852062253458
-0.1151440755323082,0.192324711840137,1.0462572134371722,-0.7280802513552616,0.4819049157316575,1.721547752128354,0.851223201737088,-0.5072155476055451,-0.6116015792028642,-0.2262993015930097
-0.6113578562949421,-2.2508597846277265,0.2306973183344345,-0.9513291172577936,2.626269544255988,1.864862989096936,2.3284178565019378,0.0161208974606544,-1.1920263419831856,2.6054006043197284
2.254702242598257,-1.619572617255443,-0.3368662050405336,-1.99064953638606,1.2482375718421368,-2.0255246719016813,-1.2806041613316967,0.9430514466067954,0.5958974585203659,5.755332652015723
0.5596382120584604,1.773801115918713,-0.1586511834690122,-1.3220317763870515,1.7970891185621722,2.7259170162525184,2.475510626415528,-0.1789834413916908,-1.375225117962206,-0.7395163348062032
0.4406550506980899,-0.2790906173297897,-0.4060911288915637,-0.6987618752405063,1.713996259884473,3.9156631901705583,3.4889949010989243,0.4846907796184085,-0.2772031153416828,-0.0954847307189538
-0.4262040737074952,-1.7490795944164717,1.799064234023653,-0.455582993011306,2.9101520222167903,-2.339157473061963,0.4914941393952659,-1.0553862213417338,0.1294936528960947,3.8879377211394406
0.9167923419218812,1.53706190542475,-0.4469477275826654,-1.1121197628737858,1.0046412739981718,0.2687312047266206,0.5105580571430763,0.2305371278283044,2.0180773827178204,0.3259419675725322
-0.9893656023784516,-1.8319026209688647,-0.2578293766360323,0.8326910578572644,4.446701929167777,2.1267828731609537,5.586738400237328,0.0299942386931759,1.098196118243411,1.0551964476729243
-1.408738695054201,-2.007284102090644,0.7395452071959393,-1.346132339739385,1.930720200105254,1.9510629364591765,1.1817656685595237,0.2905675855886578,0.3799495576727992,2.0042633540349737
2.758992291321613,0.1949770910409859,-0.6290567313584048,-0.1450737978811015,2.3540856344468644,0.0778908261487901,2.922000198910061,-0.2505603686186912,0.4565023351677955,2.260951859277982
-0.4551732870892242,-0.1723492800209466,0.7700224871307078,-0.8729325575637318,1.1273829054107831,2.9430435694209205,1.9305406531909732,-0.5914438195394393,0.0039612809245876,-0.2851459780634469
-0.2474070490625248,0.5014255657368938,-0.5643880987057234,0.736345824038934,2.2335775222307523,-0.6287022542969727,2.2124486757261352,0.5751078209897706,-0.1319776420317892,-0.0871930643580386
1.1588588530390742,0.7632345645455192,-0.9270500919253336,1.2196398033728522,-0.6820460282510249,1.583726576981405,1.857363893170543,-1.6052170156959435,0.560652519578775,-2.0974960385108394
0.925381875643866,-0.2418476924816772,0.3957354624650479,-0.8578179156058012,-0.6668606746404824,-0.0097556181123352,-1.0753920916023645,-0.6775924297784516,0.3144508222906568,1.2011353392849569
0.863896043515522,0.9396504326844408,-0.14990111465838,0.3406233851552868,-1.2891773153171942,2.4611810017295066,1.0162360736423397,-0.4905708348858658,-0.3584555068368107,-2.289539127928624
-1.1327136893023293,-1.6932991884199746,0.0852840687332401,0.5351377497243819,3.9494233021958873,2.130972630913438,4.849988354709267,1.7396652519704507,1.7001349103999372,0.9241237825967716
3.934851674817397,-2.297774570083412,-0.0883999167940736,-1.1829212166264405,-0.4295550062841415,0.5016288110193088,-0.0321015301312822,0.5575038210338372,-3.2160571992571363,4.762901057148287
-0.7147086856492622,-0.5231771961227019,-1.8672735516352748,-0.9786864352556351,0.6553028642364012,1.199321677262533,0.2200542673574121,1.0078568974549134,1.6463292076954563,0.6126377755748206
1.0808061055651257,2.069994203327553,-0.5937615564013348,0.7624440269763233,0.5863236368813267,0.9177972572972348,2.2590968426168963,-0.0048051863272875,0.4432380980852128,-2.1274721262738168
2.7069226012312724,0.2622119145384752,1.4146426674953478,-0.3156287043396193,-0.9637832694576428,1.280272503153494,0.5335704025907763,-0.0636268374473625,-0.4996133236214773,0.5272694514066146
-1.9549934823956625,-1.044425110620512,-0.4227988546098636,-1.6766649092427577,-0.138826814188077,-0.0666379264060499,-2.3187861442475937,0.6596522987772498,-0.7963744750895091,1.306688811447458
-0.9104535051684736,3.665126632910486,-0.0285519845356822,-1.0588667664572136,0.6234141905216661,4.136188578231767,2.208786787757368,-0.0083621111240607,-0.5776142178649032,-4.5216429535006935
-2.230464260344713,-1.357300018991476,-1.5604981578743569,0.4822952769733777,2.8023556061971986,0.1160707006395771,2.1982228383062714,-1.3817702424835547,0.0635400505023367,0.5937442080105642
-0.1795268244479869,0.1529933634433689,-1.721682574926956,-0.7044707701771339,0.8435686895765919,2.763066416892011,1.8217982970550024,1.060288640887317,-1.6278978465820515,-0.5944592506556156
0.5439134084286612,-1.470367465954093,0.9775452018543154,-1.2531465074122825,-1.4666960687271215,-0.9461110846489488,-2.9339367629468978,0.2201138733014523,-0.5450197282648013,2.566668286140164
1.4920817529334638,1.0126671952545716,0.646449368542261,-1.4897776643229508,0.8939649044858899,-0.8250750620605283,-0.4562288074691395,0.9860838914777112,0.2797480006999844,1.889335446942079
1.4184277472338265,2.4355631754252824,-1.0898435850204755,0.6461139772437351,-0.3003987048244866,-0.6099147412087542,0.5450753904517657,-2.9893930211632136,-0.059268022600341,-1.7941058352601758
